{
  "project_info": {
    "project_number": "16079972260",
    "project_id": "hellome-499e9",
    "storage_bucket": "hellome-499e9.appspot.com"
  },
  "client": [
    {
      "client_info": {
        "mobilesdk_app_id": "1:16079972260:android:122f0f34808f7d6897c331",
        "android_client_info": {
          "package_name": "com.technion.android.hello_me"
        }
      },
      "oauth_client": [
        {
          "client_id": "16079972260-dopfhfe77g2cf0n8s5932ir1pubklt68.apps.googleusercontent.com",
          "client_type": 3
        }
      ],
      "api_key": [
        {
          "current_key": "AIzaSyCiKQAAVz4pdpmoJ-QJoByixbkFJ7L3D3Q"
        }
      ],
      "services": {
        "appinvite_service": {
          "other_platform_oauth_client": [
            {
              "client_id": "16079972260-dopfhfe77g2cf0n8s5932ir1pubklt68.apps.googleusercontent.com",
              "client_type": 3
            }
          ]
        }
      }
    }
  ],
  "configuration_version": "1"
}